"";"Number";"ISOWeek";"Sales";"Price";"MovingAverage";"Seasonality";"CleanSales";"LinearSales";"ExpSales";"LogSales";"TrendEffect";"PriceEffect";"TrendForecast";"PriceForecast";"TPForecast"
"1";1;201201;3342;30,53;NA;7270,57051282051;-3928,57051282051;5122,34573826396;4525,53127689976;5102,61221545297;-448,169134137005;92,2107382639615;11645,2048340743;12161,4098209445;11162,9617030108
"2";2;201202;3597;30,69;NA;-1601,11538461538;5198,11538461538;5120,3992860987;4525,48041887726;5100,54820882994;-442,423163261771;90,2642860987025;3029,49128187776;3528,40713160748;2643,79370607823
"3";3;201203;2845;32;NA;-1084,54487179487;3929,54487179487;5104,46270899564;4525,06404031396;5084,04305062452;-436,677192386538;74,32770899564;3537,22478012481;4042,40475963085;3093,2590978682
"4";4;201204;2905;30,45;NA;-1602,30128205128;4507,30128205128;5123,31896434659;4525,55670612534;5103,64827867251;-430,931221511304;93,1839643465919;3039,80604315688;3525,19281761743;2680,23019063095
"5";5;201205;2438;31,02;NA;-1694,02564102564;4132,02564102564;5116,38472850785;4525,37552601089;5096,32496677571;-425,185250636071;86,2497285078543;2956,40250686214;3440,81483282611;2579,1701715131
"6";6;201206;2812;31,33;NA;-1768,09615384615;4580,09615384615;5112,61347743766;4525,27699250262;5092,39840662311;-419,439279760838;82,478477437664;2890,15486443981;3371,38665290078;2507,02192385422
"7";7;201207;3184;30,44;NA;-1150,24679487179;4334,24679487179;5123,44061760692;4525,55988478858;5103,77797792413;-413,693308885604;93,3056176069204;3496,31049240257;3965,06940639035;3154,90468133172
"8";8;201208;3046;30,94;NA;-1772,71153846154;4818,71153846154;5117,35795459048;4525,4009543613;5097,34464292145;-407,947338010371;87,2229545904838;2897,13687218889;3363,54700107603;2547,05576164389
"9";9;201209;5513;26,98;NA;-1190,67307692308;6703,67307692308;5165,53264568066;4526,65983630913;5151,42358012307;-402,201367135138;135,397645680659;3468,49170090757;3896,02416510531;3301,60050236708
"10";10;201210;9336;27,66;NA;5464,03846153846;3871,96153846154;5157,26022397831;4526,44363975987;5141,5946989405;-396,455396259904;127,125223978305;9941,2310733457;10378,5650905435;9678,35374735001
"11";11;201211;2507;29,76;NA;-2311,00641025641;4818,00641025641;5131,71303930927;4525,77603912705;5112,69899424033;-390,709425384671;101,578039309274;2391,22619947728;2829,522029771;2123,83587885814
"12";12;201212;2762;30,15;NA;-2433,60576923077;5195,60576923077;5126,96856215645;4525,65206699388;5107,55790831408;-384,963454509437;96,8335621564538;2277,81853724339;2713,54982033213;2001,37850540926
"13";13;201213;2741;31,43;NA;-2145,55448717949;4886,55448717949;5111,39694483438;4525,24520795761;5091,14005830513;-379,217483634204;81,2619448343767;2563,4785203643;3004,88338842094;2232,63096345543
"14";14;201214;3032;29,11;NA;-1733,13461538462;4765,13461538462;5139,62050123064;4525,98266689571;5121,41907305695;-373,471512758971;109,485501230641;2969,99909715459;3386,35672204695;2748,82181005939
"15";15;201215;4043;29,48;NA;-1314,65705128205;5357,65705128205;5135,11933059848;4525,86504685543;5116,43175070179;-367,725541883737;104,984330598478;3382,40650027364;3796,81642644463;3147,22176555084
"16";16;201216;2847;30,45;NA;-1410,82371794872;4257,82371794872;5123,31896434659;4525,55670612534;5103,64827867251;-361,979571008504;93,1839643465919;3294,68595800448;3711,54852555499;3023,5120344537
"17";17;201217;3968;28,86;NA;-1080,38461538462;5048,38461538462;5142,66183273886;4526,06214162634;5124,82490207201;-356,233600133271;112,526832738859;3621,53815181213;4019,50025720148;3427,37967049277
"18";18;201218;3268;29,45;NA;-893,586538461538;4161,58653846154;5135,48429037946;4525,87458350157;5116,83378980118;-350,487629258037;105,349290379464;3808,80092300072;4206,36615668972;3593,04180289281
"19";19;201219;4494;28,09;NA;-1283,41346153846;5777,41346153846;5152,02913378417;4526,30693256532;5135,50331973328;-344,741658382804;121,894133784171;3435,70323687216;3815,2926435621;3294,21351572887
"20";20;201220;3727;30,51;NA;-556,663461538461;4283,66346153846;5122,58904478462;4525,53763419276;5102,87097651597;-338,99568750757;92,4540447846193;4147,68780566693;4543,37578211215;3894,64001081807
"21";21;201221;4341;30,42;NA;226,264423076923;4114,73557692308;5123,68392412758;4525,56624212177;5104,03750430088;-333,249716632336;93,5489241275782;4914,26568053444;5304,58848365436;4664,39014202616
"22";22;201222;4301;30,69;NA;330,39423076923;3970,60576923077;5120,3992860987;4525,48041887726;5100,54820882994;-327,503745757103;90,2642860987025;5021,19196067292;5408,25056626916;4765,31843011271
"23";23;201223;4000;30,77;NA;200,163461538461;3799,83653846154;5119,42606001607;4525,45499008033;5099,52023722949;-321,757774881869;89,2910600160722;4900,36814315395;5282,19006814886;4649,77302842791
"24";24;201224;3571;30,72;NA;371,759615384615;3199,24038461538;5120,03432631772;4525,47088306166;5100,16240580168;-316,011804006636;89,8993263177163;5072,85778350797;5448,76698056855;4830,23667042409
"25";25;201225;4047;31,35;NA;399,639423076923;3647,36057692308;5112,37017091701;4525,27063557576;5092,14641595214;-310,265833131402;82,2351709170071;5105,6848052542;5481,3088909127;4841,35101257441
"26";26;201226;3935;30,28;NA;45,7403846153843;3889,25961538462;5125,38706977218;4525,61074370414;5105,85898072748;-304,519862256169;95,2520697721802;4767,50160575649;5127,69155687424;4563,72079701564
"27";27;201227;4664;29,8;4585,11538461538;-15,3397435897435;4679,33974358974;5131,22642626796;4525,76332388018;5112,16861220221;-298,773891380936;101,091426267959;4713,87793535029;5064,12499176063;4540,35781562415
"28";28;201228;4624;29,99;4616,125;-340,480769230769;4964,48076923077;5128,91501432171;4525,70292694539;5109,65898074321;-293,027920505702;98,7800143217128;4403,64158729959;4749,31214492894;4232,46209425214
"29";29;201229;4366;30,26;4621,85576923077;390,423076923077;3975,57692307692;5125,63037629284;4525,61710110877;5106,11987889885;-287,281949630469;95,4953762928371;5119,66283700553;5462,98261260875;4935,67778797303
"30";30;201230;4597;30,42;4637,38461538462;-375,634615384615;4972,63461538462;5123,68392412758;4525,56624212177;5104,03750430088;-281,535978755236;93,5489241275782;4380,94651501667;4718,78971425202;4205,46958057831
"31";31;201231;4945;31,07;4656,78846153846;177,88141025641;4767,11858974359;5115,77646220621;4525,35963336444;5095,68900373276;-275,790007880002;85,6414622062111;4924,58342442334;5263,07921494246;4720,76568417782
"32";32;201232;4264;29,83;4674,95192307692;-28,150641025641;4292,15064102564;5130,86146648697;4525,75378746847;5111,77129266373;-270,044037004769;100,726466486973;4730,09640972166;5051,91429182912;4593,0375356281
"33";33;201233;3680;29,03;4689,86538461538;-622,782051282051;4302,78205128205;5140,59372731327;4526,00809865767;5122,50574555016;-264,298066129535;110,45872731327;4157,97104339105;4466,32162042657;4071,67266853643
"34";34;201234;4105;31,26;4707,34615384615;-513,955128205128;4618,95512820513;5113,46505025997;4525,29924181696;5093,28164251655;-258,552095254302;83,330050259965;4269,46194997652;4591,37963723199;4087,04788632263
"35";35;201235;4181;33,88;4708,44230769231;-880,384615384616;5061,38461538462;5081,59189605384;4524,46655633814;5061,50036631109;-252,806124379069;51,45689605384;3919,10174120245;4257,24165877872;3627,81244711671
"36";36;201236;3982;29,88;4733,125;-937,935897435897;4919,9358974359;5130,25320018533;4525,73789349361;5111,1099805547;-247,060153503835;100,118200185329;3868,90738073697;4166,89418505981;3769,59285297291
"37";37;201237;3715;30,75;4774,89423076923;-1212,33653846154;4927,33653846154;5119,66936653673;4525,46134726617;5099,77697935037;-241,314182628602;89,53436653673;3607,98021131628;3907,30152067286;3479,20758135573
"38";38;201238;3390;32,48;4777,31730769231;-1509,33653846154;4899,33653846154;5098,62335249986;4524,91148371334;5078,16399361855;-235,568211753369;68,4883524998613;3325,09113054948;3633,09617237554;3127,58680268858
"39";39;201239;3714;32,47;4773,57692307692;-1579,9358974359;5293,9358974359;5098,74500576019;4524,91466192339;5078,28558541874;-229,822240878135;68,6100057601898;3262,21673305522;3564,29944496756;3073,47886290539
"40";40;201240;3629;30,82;4776,39423076923;-1236,60576923077;4865,60576923077;5118,81779371443;4525,43909715482;5098,87911130847;-224,076270002902;88,682793714429;3601,59634246832;3884,28234410855;3492,49104486956
"41";41;201241;3054;31,58;4771,23076923077;-1495,36217948718;4549,36217948718;5109,57214592945;4525,1975315587;5089,26002284756;-218,330299127668;79,4371459294462;3355,87213564589;3638,97121106039;3222,19358224796
"42";42;201242;3170;31,92;4771,15384615385;-1578,91025641026;4748,91025641026;5105,43593507827;4525,08946691411;5085,03146007179;-212,584328252435;75,3009350782695;3280,41425753352;3560,57650080659;3139,55946567591
"43";43;201243;2969;31,8;4780,97115384615;-1878,38141025641;4847,38141025641;5106,89577420221;4525,12760708222;5086,51872875287;-206,838357377202;76,7607742022137;2995,12372539134;3268,08586738535;2870,57599294639
"44";44;201244;3185;30,78;4798,83653846154;-1667,3108974359;4852,3108974359;5119,30440675574;4525,45181149077;5099,3919287416;-201,092386501968;89,1694067557437;3205,97429329303;3464,75484229226;3133,54563687083
"45";45;201245;3014;31,84;4810,15384615385;-1463,57371794872;4477,57371794872;5106,4091611609;4525,11489365714;5086,02234984651;-195,346415626735;76,274161160899;3409,69837514169;3672,14117571024;3293,88747744617
"46";46;201246;3230;29,77;4819,25961538462;-1418,61217948718;4648,61217948718;5131,59138604895;4525,77286031198;5112,56633192831;-189,600444751501;101,456386048945;3459,12531271817;3698,13134008171;3445,48765315525
"47";47;201247;3540;30,63;4843,67307692308;-1399,35256410256;4939,35256410256;5121,12920566068;4525,49949056872;5101,3209475658;-183,854473876268;90,9942056606751;3483,57528715687;3724,25793984025;3437,74952506509
"48";48;201248;4194;28,77;4864,91346153846;-755,419871794872;4949,41987179487;5143,75671208182;4526,090752871;5126,05822749321;-178,108503001034;113,621712081817;4115,07853028551;4334,99992831559;4155,27041567412
"49";49;201249;5359;30,34;4886,47115384615;611,923076923077;4747,07692307692;5124,65715021021;4525,59167154383;5105,07731890573;-172,3625321258;94,5221502102077;5449,58719654005;5679,24439548589;5410,32288296628
"50";50;201250;8925;31,71;4919,93269230769;3083,75961538462;5841,24038461538;5107,99065354517;4525,15621241927;5087,63786800369;-166,616561250567;77,8556535451726;7857,43561228966;8096,72143994675;7735,90937092322
"51";51;201251;14911;29,94;4958,89423076923;9836,78525641026;5074,21474358974;5129,52328062336;4525,71882079745;5110,3178652078;-160,870590375334;99,3882806233569;14425,7159957376;14653,9160741804;14319,7191607282
"52";52;201252;26786;31,52;4991,23076923077;20630,8429487179;6155,15705128205;5110,30206549142;4525,21660205799;5090,01096323492;-155,1246195001;80,1670654914187;24921,0452728161;25172,8048087431;24632,7465927623
"53";53;201301;6604;33,89;5013,07692307692;7270,57051282051;-666,570512820513;5081,47024279351;4524,46337844283;5061,38383410779;-149,378648624867;51,3352427935106;11943,3522618726;12190,251756667;11698,7961237585
"54";54;201302;3560;33,67;5023,32692307692;-1601,11538461538;5161,11538461538;5084,14661452074;4524,53329265531;5063,95552055015;-143,632677749633;54,011614520743;3327,63870967607;3553,98718174235;3197,09003419128
"55";55;201303;3478;31,35;5046,43269230769;-1084,54487179487;4562,54487179487;5112,37017091701;4525,27063557576;5092,14641595214;-137,8867068744;82,2351709170071;3835,37220792312;4036,82521849405;3813,36259370802
"56";56;201304;3887;30,94;5065,54807692308;-1602,30128205128;5489,30128205128;5117,35795459048;4525,4009543613;5097,34464292145;-132,140735999167;87,2229545904838;3337,95347095519;3529,39893324363;3347,94796437475
"57";57;201305;3474;30,13;5066,97115384615;-1694,02564102564;5168,02564102564;5127,21186867711;4525,65842445656;5107,81993179285;-126,394765123933;97,0768686771107;3254,54993466045;3433,17515342342;3310,30224042576
"58";58;201306;3665;30,55;5082,625;-1768,09615384615;5433,09615384615;5122,1024317433;4525,52491961569;5102,35362384712;-120,6487942487;91,9674317433046;3188,30229223812;3364,69120353662;3233,0992301085
"59";59;201307;3882;32,7;5104,63461538462;-1150,24679487179;5032,24679487179;5095,94698077263;4524,84156365695;5075,49840322712;-114,902823373466;65,8119807726289;3794,45792020089;3984,46904172753;3741,28672866331
"60";60;201308;4166;31,32;5123,91346153846;-1772,71153846154;5938,71153846154;5112,73513069799;4525,2801709694;5092,52446228835;-109,156852498233;82,6001306979924;3195,2842999872;3366,8088866637;3219,82829804609
"61";61;201309;4507;30,38;5135,17307692308;-1190,67307692308;5697,67307692308;5124,17053716889;4525,57895681494;5104,55706933375;-103,410881623;94,0355371688929;3766,63912870588;3925,2094572055;3835,59682760266
"62";62;201310;12909;29,79;5140,34615384615;5464,03846153846;7444,96153846154;5131,34807952829;4525,76650268855;5112,30114093915;-97,664910747766;101,213079528287;10239,378501144;10396,8488176533;10270,7096050961
"63";63;201311;3278;33,25;5145,96153846154;-2311,00641025641;5589,00641025641;5089,25605145455;4524,66676824279;5068,91210489463;-91,918939872533;59,1210514545492;2689,37362727559;2859,4798737209;2653,6964891914
"64";64;201312;2243;31,37;5148,42307692308;-2433,60576923077;4676,60576923077;5112,12686439635;4525,26427865783;5091,89458598951;-86,1729689972999;81,9918643963492;2575,9659650417;2724,02218985043;2635,5510360565
"65";65;201313;2871;30,68;5148,42307692308;-2145,55448717949;5016,55448717949;5120,52093935903;4525,48359748692;5100,67689365037;-80,4269981220659;90,385939359031;2861,62594816261;2998,44545634001;2957,3296980756
"66";66;201314;3195;31,06;5151,23076923077;-1733,13461538462;4928,13461538462;5115,89811546654;4525,36281188926;5095,81611442693;-74,6810272468329;85,7631154665396;3268,1465249529;3403,09534545736;3349,44909761007
"67";67;201315;3343;30,65;5165,34615384615;-1314,65705128205;4657,65705128205;5120,88589914002;4525,4931333293;5101,0631999274;-68,9350563715998;90,7508991400173;3680,55392807195;3806,85960049087;3783,69191558826
"68";68;201316;3539;31,13;5181,52884615385;-1410,82371794872;4949,82371794872;5115,04654264424;4525,34056226237;5094,92719764179;-63,1890854963658;84,9115426442386;3592,83338580279;3717,38558397503;3682,49885451484
"69";69;201317;4297;30,94;5192,93269230769;-1080,38461538462;5377,38461538462;5117,35795459048;4525,4009543613;5097,34464292145;-57,4431146211327;87,2229545904838;3919,68557961044;4037,35478883924;4022,03314762899
"70";70;201318;4797;29,71;5203,75961538462;-893,586538461538;5690,58653846154;5132,32130561092;4525,79193323588;5113,36297517366;-51,6971437458988;102,186305610917;4106,94835079903;4208,59797314444;4271,32862583143
"71";71;201319;4142;30,87;5218,20192307692;-1283,41346153846;5425,41346153846;5118,20952741279;4525,42320428512;5098,23902465832;-45,9511728706657;88,0745274127858;3733,85066467047;3839,15591180873;3856,70032140263
"72";72;201320;5026;29,88;5235;-556,663461538461;5582,66346153846;5130,25320018533;4525,73789349361;5111,1099805547;-40,2052019954326;100,118200185329;4445,83523346524;4537,96791916418;4613,82445890181
"73";73;201321;5581;30,19;5248,98076923077;226,264423076923;5354,73557692308;5126,48194911514;4525,63935209531;5107,03438239316;-34,4592311201986;96,3469491151382;5212,41310833275;5302,61418448288;5365,1936349885
"74";74;201322;5270;30,81;5263,10576923077;330,39423076923;4939,60576923077;5118,93944697476;4525,44227573545;5099,00725324307;-28,7132602449656;88,8044469747574;5319,33938847123;5409,2806354021;5450,03858734382
"75";75;201323;5273;30,64;5277,63461538462;200,163461538461;5072,83653846154;5121,00755240035;4525,49631194789;5101,19205271628;-22,9672893697316;90,8725524003457;5198,51557095226;5281,0741599215;5345,9812826099
"76";76;201324;5778;30,77;5266,81730769231;371,759615384615;5406,24038461538;5119,42606001607;4525,45499008033;5099,52023722949;-17,2213184944985;89,2910600160722;5371,00521130628;5449,19617604061;5518,17349480145
"77";77;201325;5892;30,19;5270,99038461538;399,639423076923;5492,36057692308;5126,48194911514;4525,63935209531;5107,03438239316;-11,4753476192654;96,3469491151382;5403,83223305251;5471,35155596087;5584,89022619402
"78";78;201326;5453;29,93;5304,41346153846;45,7403846153843;5407,25961538462;5129,64493388369;4525,72199957456;5110,44977413437;-5,72937674403147;99,5099338836853;5065,6490335548;5124,68718856981;5270,0385765144
"79";79;201327;5418;30,05;5386,45192307692;-15,3397435897435;5433,33974358974;5128,18509475974;4525,68385439659;5108,8697678862;0,0165941312016002;98,0500947597402;5012,0253631486;5066,27096912094;5219,1041624408
"80";80;201328;4936;28,58;5458,42307692308;-340,480769230769;5276,48076923077;5146,06812402806;4526,15115498145;5128,67463392438;5,76256500643467;115,933124028063;4701,7890150979;4737,20883261681;4987,48940482263
"81";81;201329;6457;27,72;5475,57692307692;390,423076923077;6066,57692307692;5156,53030441633;4526,4245640895;5140,73907700656;11,5085358816686;126,395304416333;5417,81026480384;5441,17948262802;5742,63129676149
"82";82;201330;4494;29,64;5487,31730769231;-375,634615384615;4869,63461538462;5133,17287843322;4525,81418508201;5114,29442820071;17,2545067569017;103,037878433218;4679,09394281498;4712,09426488786;4931,54688683258
"83";83;201331;5196;29,65;5487,19230769231;177,88141025641;5018,11858974359;5133,05122517289;4525,81100624015;5114,16122888489;23,0004776321357;102,916225172889;5222,73085222165;5250,89006353591;5476,25251862635
"84";84;201332;5641;31,11;5485,74038461538;-28,150641025641;5669,15064102564;5115,2898491649;4525,34691928747;5095,18096973794;28,7464485073688;85,1548491648964;5028,24383751997;5062,90169591389;5224,45292300713
"85";85;201333;4592;29,51;5484,27884615385;-622,782051282051;5214,78205128205;5134,75437081749;4525,85551022937;5116,03012052509;34,4924193826018;104,619370817491;4456,11847118936;4470,44189695836;4739,84996615828
"86";86;201334;5198;28,75;5471,40384615385;-513,955128205128;5711,95512820513;5144,00001860247;4526,09711094993;5126,33282372682;40,2383902578358;113,865018602474;4567,60937777483;4569,8340245345;4892,62282347699
"87";87;201335;4259;30,28;5449,41346153846;-880,384615384616;5139,38461538462;5125,38706977218;4525,61074370414;5105,85898072748;45,9843611330689;95,2520697721802;4217,24916900076;4226,33958479028;4483,4754869769
"88";88;201336;4442;30,13;5418,51923076923;-937,935897435897;5379,9358974359;5127,21186867711;4525,65842445656;5107,81993179285;51,7303320083029;97,0768686771107;4167,05480853529;4169,04016242012;4448,33919978957
"89";89;201337;3839;30,29;5391,57692307692;-1212,33653846154;5051,33653846154;5125,26541651185;4525,60756500517;5105,72859625609;57,4763028835359;95,1304165118509;3906,12763911459;3903,35292232989;4190,58012351288
"90";90;201338;3522;31,7;5400,49038461538;-1509,33653846154;5031,33653846154;5108,1123068055;4525,15939080122;5087,76241282984;63,222273758769;77,977306805501;3623,23855834779;3626,40072301138;3853,66410894285
"91";91;201339;3582;29,98;5416,07692307692;-1579,9358974359;5161,9358974359;5129,03666758204;4525,70610571133;5109,79066971158;68,968244634003;98,9016675820421;3560,36416085353;3542,92551045889;3878,13475230368
"92";92;201340;4053;30,65;5427,875;-1236,60576923077;5289,60576923077;5120,88589914002;4525,4931333293;5101,0631999274;74,7142155092361;90,7508991400173;3899,74377026663;3882,82307950354;4190,53739456369
"93";93;201341;4098;30,76;5443,93269230769;-1495,36217948718;5593,36217948718;5119,5477132764;4525,45816867213;5099,64858742337;80,4601863844691;89,4127132764015;3654,0195634442;3631,93240531858;3950,10898401437
"94";94;201342;3809;30,97;5469,23076923077;-1578,91025641026;5387,91025641026;5116,9929948095;4525,39141871315;5096,96195573142;86,2061572597031;86,8579948094985;3578,56168533183;3552,42178683742;3873,44867785679
"95";95;201343;3516;31,82;5481,99038461538;-1878,38141025641;5394,38141025641;5106,65246768156;4525,12125036522;5086,27046130174;91,9521281349362;76,5174676815568;3293,27115318965;3268,25754557418;3559,89138895786
"96";96;201344;3764;31,31;5471,11538461538;-1667,3108974359;5431,3108974359;5112,85678395832;4525,28334943841;5092,65055820768;97,6980990101692;82,7217839583218;3504,12172109134;3469,30431429611;3799,4253151025
"97";97;201345;3937;32,28;5463,125;-1463,57371794872;5400,57371794872;5101,05641770644;4524,97504833854;5080,60297214484;103,444069885403;70,921417706435;3707,84580294;3675,91809586438;3963,90287058016
"98";98;201346;4054;31,02;5459,30769230769;-1418,61217948718;5472,61217948718;5116,38472850785;4525,37552601089;5096,32496677571;109,190040760636;86,2497285078543;3757,27274051648;3708,86122688325;4078,28161216838
"99";99;201347;4170;30,75;5457,20192307692;-1399,35256410256;5569,35256410256;5119,66936653673;4525,46134726617;5099,77697935037;114,93601163587;89,53436653673;3781,72271495518;3725,2880089732;4122,4696822962
"100";100;201348;5033;32,42;5467,63461538462;-755,419871794872;5788,41987179487;5099,35327206183;4524,93055300715;5078,89410667958;120,681982511103;69,218272061833;4413,22595808382;4366,33119777609;4677,77864395882
"101";101;201349;6031;29,57;5483,63461538462;611,923076923077;5419,07692307692;5134,02445125552;4525,83643703755;5115,22808361833;126,427953386337;103,889451255519;5747,73462433836;5672,63478521614;6135,94066534252
"102";102;201350;7128;32,96;5490,86538461538;3083,75961538462;4044,24038461538;5092,78399600408;4524,75893225597;5072,37118506423;132,17392426157;62,6489960040826;8155,58304008797;8107,45132674829;8368,70332993636
"103";103;201351;17142;28,99;5490,00961538462;9836,78525641026;7305,21474358974;5141,08034035459;4526,02081459225;5123,05020529586;137,919895136803;110,945340354585;14723,8634235359;14645,7613602112;15053,608372909
"104";104;201352;28031;31,91;5488,52884615385;20630,8429487179;7400,15705128205;5105,5575883386;4525,09264524917;5085,1551853957;143,665866012037;75,422588338598;25219,1927006144;25176,1525334252;25305,0596052864
"105";105;201401;13891;33,14;5487,44230769231;7270,57051282051;6620,42948717949;5090,59423731817;4524,70172678542;5070,22060527807;149,411836887271;60,4592373181649;12241,4996896709;12183,8138245861;12423,4948583787
"106";106;201402;3758;33,49;5487,19230769231;-1601,11538461538;5359,11538461538;5086,33637320666;4524,59049599637;5066,07215713235;155,157807762504;56,2013732066598;3625,78613747438;3552,44207804293;3895,59590776345
"107";107;201403;5064;30,37;5483,00961538462;-1084,54487179487;6148,54487179487;5124,29219042922;4525,58213549381;5104,68706748077;160,903778637738;94,1571904292214;4133,51963572143;4028,41298724164;4548,63037752299
"108";108;201404;3522;30,06;5486,94230769231;-1602,30128205128;5124,30128205128;5128,06344149941;4525,68067564627;5108,73838562978;166,649749512971;97,9284414994117;3636,1008987535;3521,84509293535;4078,62050940938
"109";109;201405;3826;29,58;5503,83653846154;-1694,02564102564;5520,02564102564;5133,90279799519;4525,83325818006;5115,09456903784;172,395720388204;103,76779799519;3552,69736245876;3428,45400323074;4025,81049748523
"110";110;201406;3162;32,56;5512,30769230769;-1768,09615384615;4930,09615384615;5097,65012641723;4524,88605811329;5077,19260476947;178,141691263438;67,5151264172309;3486,44972003643;3381,9448615135;3830,96937439096
"111";111;201407;4233;31,9;5521,89423076923;-1150,24679487179;5383,24679487179;5105,67924159893;4525,09582358647;5085,27894949889;183,887662138671;75,5442415989273;4092,6053479992;3977,60191417455;4468,28308267365
"112";112;201408;2476;31,7;5527,95192307692;-1772,71153846154;4248,71153846154;5108,1123068055;4525,15939080122;5087,76241282984;189,633633013905;77,977306805501;3493,43172778551;3370,07077225137;3892,60083444829
"113";113;201409;3910;31,24;5528,34615384615;-1190,67307692308;5100,67307692308;5113,70835678062;4525,305598784;5093,5343589207;195,379603889138;83,5733567806228;4064,7865565042;3932,59161932495;4486,31221785917
"114";114;201410;10293;30,54;5532,05769230769;5464,03846153846;4828,96153846154;5122,22408500363;4525,52809825661;5102,48289848177;201,125574764371;92,089085003633;10537,5259289423;10403,2867497342;10926,479758011
"115";115;201411;3092;30,75;5538,63461538462;-2311,00641025641;5403,00641025641;5119,66936653673;4525,46134726617;5099,77697935037;206,871545639605;89,53436653673;2987,52105507391;2838,02010011782;3458,81190246773
"116";116;201412;3356;32,26;5552,20192307692;-2433,60576923077;5789,60576923077;5101,29972422709;4524,98140485018;5080,84770061132;212,617516514838;71,1647242270928;2874,11339284001;2731,66186925313;3284,8878546789
"117";117;201413;3379;32,39;5560,28846153846;-2145,55448717949;5524,55448717949;5099,71823184282;4524,94008768418;5079,25967007679;218,363487390072;69,5832318428193;3159,77337596092;3013,12394148452;3568,98555869912
"118";118;201414;3914;32,48;5563,97115384615;-1733,13461538462;5647,13461538462;5098,62335249986;4524,91148371334;5078,16399361855;224,109458265305;68,4883524998613;3566,29395275121;3415,2844968639;3974,43115069661
"119";119;201415;4294;31,96;5566,76923076923;-1314,65705128205;5608,65705128205;5104,94932203695;4525,07675359618;5084,53694608354;229,855429140538;74,8143220369548;3978,70135587026;3818,10452185889;4413,72873133318
"120";120;201416;5219;35,36;5568,99038461538;-1410,82371794872;6629,82371794872;5063,58721352519;4523,99625211175;5044,61718630617;235,601400015772;33,4522135251891;3890,9808136011;3753,69552091144;4178,3546978735
"121";121;201417;3944;35,02;5572,33653846154;-1080,38461538462;5024,38461538462;5067,72342437637;4524,10429064904;5048,43237896167;241,347370891005;37,5884243763649;4217,83300740875;4072,37713935947;4524,78184915818
"122";122;201418;4019;34,09;5574,13461538462;-893,586538461538;4912,58653846154;5079,03717758694;4524,39982100531;5059,06038304986;247,093341766238;48,9021775869369;4405,09577859734;4246,19549649704;4760,29161101956
"123";123;201419;4089;36,13;5579,625;-1283,41346153846;5372,41346153846;5054,21991247988;4523,75158613859;5036,11078900154;252,839312641472;24,0849124798769;4031,99809246878;3884,3072754696;4305,22520532367
"124";124;201420;4682;35,7;5586,32692307692;-556,663461538461;5238,66346153846;5059,45100267401;4523,88821615449;5040,83850323121;258,585283516705;29,3160026740125;4743,98266126355;4587,92627211214;5036,61600565289
"125";125;201421;5706;36,37;5585,49038461538;226,264423076923;5479,73557692308;5051,30023423199;4523,67532931939;5033,49647191202;264,331254391939;21,1652342319876;5510,56053613106;5355,66274482969;5771,44232213031
"126";126;201422;6230;35,34;5576,10576923077;330,39423076923;5899,60576923077;5063,83052004585;4524,00260724841;5044,84059189517;270,077225267172;33,695520045846;5617,48681626954;5448,16574517088;5932,10871436143
"127";127;201423;5977;36,21;5572,03846153846;200,163461538461;5776,83653846154;5053,24668639725;4523,72616705602;5035,23742537647;275,823196142405;23,1116863972475;5496,66299875057;5328,88653550916;5780,26092631185
"128";128;201424;5826;35,79;5593,66346153846;371,759615384615;5454,24038461538;5058,35612333105;4523,85961883296;5039,84428692416;281,569167017639;28,2211233310536;5669,1526391046;5492,2874014356;5977,72695179533
"129";129;201425;5755;35,38;5576,73076923077;399,639423076923;5355,36057692308;5063,34390700453;4523,98989698402;5044,39390704209;287,315137892872;33,2089070045313;5701,97966085082;5515,90204596087;6036,63177726131
"130";130;201426;5436;35,05;5493,10576923077;45,7403846153843;5390,25961538462;5067,35846459538;4524,09475773315;5048,09425760405;293,061108768106;37,2234645953795;5363,79646135311;5168,63680490891;5724,99679472793
"131";131;201427;5322;35,66;5478,45192307692;-15,3397435897435;5337,33974358974;5059,93761571533;4523,9009261332;5041,28118194127;298,807079643339;29,8026157153272;5310,17279094691;5114,42670108625;5651,54571063061
"132";132;201428;5006;37,16;5512,89423076923;-340,480769230769;5346,48076923077;5041,68962666602;4523,42432636908;5025,01126031379;304,553050518572;11,5546266660185;4999,93644289621;4810,85877562258;5283,452361236
"133";133;201429;5952;35,64;5506,29807692308;390,423076923077;5561,57692307692;5060,18092223598;4523,90728113595;5041,50270753923;310,299021393806;30,0459222359841;5715,95769260215;5509,16404540257;6068,92282912518
"134";134;201430;5408;36,39;5501,20192307692;-375,634615384615;5783,63461538462;5051,05692771133;4523,66897464248;5033,27939144035;316,04499226904;20,9219277113298;4977,24137061329;4770,03565361618;5311,60271292638
"135";135;201431;6039;36,38;5502,375;177,88141025641;5861,11858974359;5051,17858097166;4523,67215197982;5033,38791675862;321,790963144273;21,0435809716591;5520,87828001996;5308,6597740754;5857,22739247622
"136";136;201432;5679;36,38;5507,75961538462;-28,150641025641;5707,15064102564;5051,17858097166;4523,67215197982;5033,38791675862;327,536934019507;21,0435809716591;5326,39126531828;5108,13889866919;5672,51828305014
"137";137;201433;5551;36,66;5517,20192307692;-622,782051282051;6173,78205128205;5047,77228968246;4523,58318737792;5030,36042594111;333,28290489474;17,637289682455;4754,26589898767;4531,81684946317;5101,52483713067
"138";138;201434;4869;37,15;5535,11538461538;-513,955128205128;5382,95512820513;5041,81127992635;4523,42750353459;5025,11753655397;339,028875769973;11,676279926347;4865,75680557314;4641,93886384085;5196,85720969499
"139";139;201435;4629;37,36;5552,29807692308;-880,384615384616;5509,38461538462;5039,25656145944;4523,36078352767;5022,89172023811;344,774846645207;9,12156145944391;4515,39659679907;4287,1136636342;4848,36702509554
"140";140;201436;4458;39,42;5544,16346153846;-937,935897435897;5395,9358974359;5014,19598983173;4522,70634420473;5001,6980197044;350,52081752044;-15,9390101682729;4465,20223633359;4248,78468112916;4711,67596086244
"141";141;201437;4507;38,7;5531,53846153846;-1212,33653846154;5719,33653846154;5022,9550245754;4522,93506951464;5008,97692384037;356,266788395674;-7,17997542460489;4204,2750669129;3975,54360073065;4494,35498585284
"142";142;201438;4265;38,6;5527,20192307692;-1509,33653846154;5774,33653846154;5024,17155717868;4522,96683783363;5009,9985786613;362,012759270907;-5,96344282131759;3921,3859861461;3685,62969815588;4226,82707686613
"143";143;201439;3680;39,15;5526,15384615385;-1579,9358974359;5259,9358974359;5017,4806278606;4522,79211484045;5004,41190920517;367,758730146141;-12,6543721393973;3858,51158865184;3621,63996003499;4146,98579991297
"144";144;201440;4338;39,41;5525,54807692308;-1236,60576923077;5574,60576923077;5014,31764309206;4522,70952086594;5001,79820221616;373,504701021374;-15,8173569079445;4197,89119806494;3958,01812620873;4478,22892117242
"145";145;201441;4104;39,78;5526,92307692308;-1495,36217948718;5599,36217948718;5009,81647245989;4522,59198588731;4998,10827345412;379,250671896607;-20,3185275401065;3952,16699124251;3709,35926847849;4225,85288979419
"146";146;201442;4034;38,62;5509,34615384615;-1578,91025641026;5612,91025641026;5023,92825065803;4522,96048415198;5009,79403611956;384,996642771841;-6,2067493419745;3876,70911313014;3618,08869406284;4212,14735492742
"147";147;201443;3639;39,93;5496,18269230769;-1878,38141025641;5517,38141025641;5007,99167355496;4522,54433744181;4996,62212428542;390,742613647074;-22,1433264450379;3591,41858098796;3337,87305114257;3877,45196763887
"148";148;201444;3828;41,35;5508,98076923077;-1667,3108974359;5495,3108974359;4990,71691058828;4522,0932903609;4982,82361149915;396,488584522307;-39,4180894117162;3802,26914888965;3555,48676508608;4028,29778532273
"149";149;201445;4444;38,62;5512,44230769231;-1463,57371794872;5907,57371794872;5023,92825065803;4522,96048415198;5009,79403611956;402,234555397541;-6,2067493419745;4005,99323073832;3730,34008172179;4362,7991756734
"150";150;201446;4244;40,9;5505,26923076923;-1418,61217948718;5662,61217948718;4996,19130730308;4522,23622294692;4987,14441365338;407,980526272774;-33,9436926969238;4055,42016831479;3793,67025216262;4314,50646443718
"151";151;201447;3893;43,52;5500,18269230769;-1399,35256410256;5292,35256410256;4964,31815309695;4521,40410108417;4962,62676156198;413,726497148007;-65,8168469030497;4079,87014275349;3834,90453253773;4225,89213381283
"152";152;201448;4334;41,35;5494,71153846154;-755,419871794872;5089,41987179487;4990,71691058828;4522,0932903609;4982,82361149915;419,472468023241;-39,4180894117162;4711,37338588213;4442,98550908629;4957,65826464096
"153";153;201449;6307;38,46;5491,125;611,923076923077;5695,07692307692;5025,87470282328;4523,01131385508;5011,43335084774;425,218438898474;-4,26029717671554;6045,88205213667;5748,94574014869;6417,6583815368
"154";154;201450;9101;39,84;5491,92307692308;3083,75961538462;6017,24038461538;5009,08655289792;4522,57292644887;4997,51314241756;430,964409773708;-21,0484471020791;8453,73046788628;8166,50862370396;8742,78534561571
"155";155;201451;13408;40;5501,74038461538;9836,78525641026;3571,21474358974;5007,14010073266;4522,52210167237;4995,93049754134;436,710380648941;-22,994899267339;15022,0108513342;14740,2702031592;15237,9070269598
"156";156;201452;23068;40,42;5512,71153846154;20630,8429487179;2437,15705128205;5002,03066379886;4522,38868935158;4991,80598517084;442,456351524174;-28,1043362011451;25517,3401284128;25249,2016027701;25604,239228846
"157";157;201501;17330;43,83;5512,76923076923;7270,57051282051;10059,4294871795;4960,54690202676;4521,30565404793;4959,82401358253;448,202322399408;-69,5880979732392;12539,6471174692;12275,5758165129;12622,4982765266
"158";158;201502;3901;42,78;5511,82692307692;-1601,11538461538;5502,11538461538;4973,32049436128;4521,63911235269;4969,39873129948;453,948293274641;-56,8145056387239;3923,93356527269;3632,18659675197;4158,93266883632
"159";159;201503;4235;44,65;5501,19230769231;-1084,54487179487;5319,54487179487;4950,57133467981;4521,04525609247;4952,50479675776;459,694264149875;-79,5636653201946;4431,66706351974;4150,99121406243;4582,66472345632
"160";160;201504;3821;43,44;5484,41346153846;-1602,30128205128;5423,30128205128;4965,29137917958;4521,4295071189;4963,35329234285;465,440235025108;-64,8436208204193;3934,24832655181;3636,69780125903;4154,01200436587
"161";161;201505;3649;45,7;5460,26923076923;-1694,02564102564;5343,02564102564;4937,79774234529;4520,71184158296;4943,32645688831;471,186205900342;-92,3372576547108;3850,84479025707;3566,8266234234;3975,29244986008
"162";162;201506;3899;47,37;5435,35576923077;-1768,09615384615;5667,09615384615;4917,48164787039;4520,1816043965;4929,15427185836;476,932176775575;-112,653352129608;3784,59714783474;3509,07256033814;3840,64895478842
"163";163;201507;4478;48,19;5417,21153846154;-1150,24679487179;5628,24679487179;4907,50608052344;4519,92127117902;4922,37736040055;482,678147650809;-122,628919476563;4390,75277579751;4117,43379897221;4409,95312912191
"164";164;201508;4094;49,03;5402,26923076923;-1772,71153846154;5866,71153846154;4897,28720665582;4519,65460391739;4915,55369194979;488,424118526042;-132,847793344175;3791,57915558382;3518,82992286792;3786,48039758089
"165";165;201509;4079;55,07;5404,5;-1190,67307692308;5269,67307692308;4823,80863741728;4517,7376025473;4869,68063252043;494,170089401276;-206,326362582724;4362,93398430251;4137,14618130951;4081,50126026891
"166";166;201510;9278;52,95;5415,48076923077;5464,03846153846;3813,96153846154;4849,59912860696;4518,41036470518;4885,18203163101;499,916060276509;-180,535871393035;10835,6733567406;10595,6521603122;10586,9211911017
"167";167;201511;2794;62,96;5412,42307692308;-2311,00641025641;5105,00641025641;4727,82421501791;4515,23466490476;4816,80979559566;505,662031151743;-302,310784982086;3285,66848287222;3114,50782321989;2668,91993508401
"168";168;201512;3203;60,42;5402,19230769231;-2433,60576923077;5636,60576923077;4758,72414314141;4516,04027544578;4833,07029036455;511,408002026976;-271,410856858591;3172,26082063832;2973,38475911821;2681,10305789943
"169";169;201513;3423;54,49;5400,95192307692;-2145,55448717949;5568,55448717949;4830,86452651634;4517,92165016448;4873,86147174974;517,153972902209;-199,270473483659;3457,92080375923;3202,82834013574;3243,67223200895
"170";170;201514;3807;60,84;5400,20192307692;-1733,13461538462;5540,13461538462;4753,6147062076;4515,90705433587;4830,33491517454;522,899943777443;-276,520293792398;3864,44138054952;3658,72416861724;3361,45587635643
"171";171;201515;4544;61,06;5392,85576923077;-1314,65705128205;5858,65705128205;4750,93833448037;4515,83727341816;4828,90962632663;528,645914652676;-279,196665519629;4276,84878366858;4067,89628659873;3766,7486900184
"172";172;201516;3141;60,71;5380,95192307692;-1410,82371794872;4551,82371794872;4755,19619859188;4515,94828902136;4831,17955585598;534,39188552791;-274,938801408124;4189,12824139941;3971,29762524667;3703,6961108219
"173";173;201517;4653;57,28;5369,88461538462;-1080,38461538462;5733,38461538462;4796,92326688463;4517,03638637052;4854,14393676714;540,137856403143;-233,211733115372;4515,98043520706;4263,45496352129;4192,11614041945
"174";174;201518;4641;58,09;5359,86538461538;-893,586538461538;5534,58653846154;4787,069352798;4516,77940679327;4848,59917740869;545,883827278376;-243,065647201998;4703,24320639565;4452,2093230866;4347,66874750271
"175";175;201519;3827;56,91;NA;-1283,41346153846;5110,41346153846;4801,42443751679;4517,15377696794;4856,70286797782;551,62979815361;-228,710562483209;4330,14552026709;4062,6809136584;4040,56903053414
"176";176;201520;4198;61,65;NA;-556,663461538461;4754,66346153846;4743,76079212098;4515,65013900766;4825,11246680556;557,375769028843;-286,374207879024;5042,13008906186;4810,67872211211;4534,38598591918
"177";177;201521;5661;60,47;NA;226,264423076923;5434,73557692308;4758,11587683977;4516,02441558375;4832,7436550841;563,121739904076;-272,019123160235;5808,70796392937;5562,53496236338;5354,2242198331
"178";178;201522;5706;58,57;NA;330,39423076923;5375,60576923077;4781,22999630222;4516,62712949821;4845,34976259242;568,86771077931;-248,905003697777;5915,63424406785;5647,5699614907;5554,86918945329
"179";179;201523;6128;58,8;NA;200,163461538461;5927,83653846154;4778,43197131466;4516,55416511368;4843,80217682272;574,613681654543;-251,703028685338;5794,81042654888;5522,79704978658;5432,43092959796
"180";180;201524;5758;60,29;NA;371,759615384615;5386,24038461538;4760,30563552568;4516,0815113477;4833,92080875884;580,359652529776;-269,829364474318;5967,3000669029;5702,59318274577;5542,12789437672
"181";181;201525;6844;57,24;NA;399,639423076923;6444,36057692308;4797,40987992594;4517,04907709883;4854,41977985765;586,10562340501;-232,725120074057;6000,12708864913;5703,54630634619;5722,34702364398
"182";182;201526;5488;58,18;NA;45,7403846153843;5442,25961538462;4785,97447345504;4516,75085440938;4847,98787182309;591,851594280243;-244,160526544957;5661,94388915142;5367,1826302846;5352,35250860014
"183";183;201527;5276;58,04;NA;-15,3397435897435;5291,33974358974;4787,67761909965;4516,79526930675;4848,9392009964;597,597565155477;-242,457380900355;5608,32021874522;5306,53459438102;5313,36571535545
"184";184;201528;4954;59,25;NA;-340,480769230769;5294,48076923077;4772,95757459987;4516,41141211828;4840,79172233251;603,34353603071;-257,17742540013;5298,08387069452;5000,47733517939;4958,59855842386
"185";185;201529;4898;60,66;NA;390,423076923077;4507,57692307692;4755,80446489352;4515,96414861603;4831,50489934312;609,089506905944;-274,33053510648;6014,10512040046;5723,93345962219;5609,42853004874
"186";186;201530;4717;63,27;NA;-375,634615384615;5092,63461538462;4724,05296394772;4515,13635219907;4814,87032399345;614,835477781177;-306,082036052278;5275,3887984116;5000,77113939649;4766,6369725354
"187";187;201531;4219;63,11;NA;177,88141025641;4041,11858974359;4725,99941611298;4515,18709397342;4815,87015201428;620,58144865641;-304,135583887018;5819,02570781827;5538,10767343952;5319,15451025577
"188";188;201532;4908;64,78;NA;-28,150641025641;4936,15064102564;4705,68332163809;4514,65750478814;4805,55708095045;626,327419531644;-324,451678361915;5624,53869311659;5351,92192680017;5057,70491319781
"189";189;201533;4435;62,02;NA;-622,782051282051;5057,78205128205;4739,25962148881;4515,53278748638;4822,74969326164;632,073390406877;-290,875378511187;5052,41332678598;4749,5047928928;4626,40672620104
"190";190;201534;4431;62,53;NA;-513,955128205128;4944,95512820513;4733,05530521205;4515,37103768569;4819,51589955273;637,819361282111;-297,079694787952;5163,90423337145;4859,79848545931;4720,82005100929
"191";191;201535;5299;66,76;NA;-880,384615384616;6179,38461538462;4681,595976093;4514,02968910954;4793,66867581699;643,565332157345;-348,539023907002;4813,54402459738;4539,48060120642;4187,6012674397
"192";192;201536;4930;64,06;NA;-937,935897435897;5867,9358974359;4714,44235638175;4514,88582304679;4809,97044488387;649,311303032578;-315,692643618247;4763,34966413191;4460,29220976111;4269,64356915134
"193";193;201537;3717;62,85;NA;-1212,33653846154;4929,33653846154;4729,16240088153;4515,26955057294;4817,50029144733;655,057273907811;-300,97259911847;4502,42249471121;4182,8450137364;4074,83926416547
"194";194;201538;3991;65,88;NA;-1509,33653846154;5500,33653846154;4692,30146300193;4514,3087075209;4798,90827386211;660,803244783045;-337,833536998074;4219,53341394441;3919,79874771268;3663,48038135374
"195";195;201539;3825;67,8;NA;-1579,9358974359;5404,9358974359;4668,94403701881;4513,69996231165;4787,56474715851;666,549215658278;-361,190962981189;4156,65901645015;3867,56896552628;3520,68433310977
"196";196;201540;4115;64,04;NA;-1236,60576923077;5351,60576923077;4714,68566290241;4514,89216538547;4810,09374523398;672,295186533512;-315,449337097589;4496,03862586325;4169,43981574627;4036,65605333936
"197";197;201541;3563;62,67;NA;-1495,36217948718;5058,36217948718;4731,35215956745;4515,32663679319;4818,63280475141;678,041157408745;-298,782840432554;4250,31441904082;3905,84495558829;3864,23717673924
"198";198;201542;3337;66,6;NA;-1578,91025641026;4915,91025641026;4683,54242825826;4514,08041844704;4794,61617325543;683,787128283979;-346,592571741742;4174,85654092845;3858,2664802285;3616,63398795257
"199";199;201543;3185;63,48;NA;-1878,38141025641;5063,38141025641;4721,49824548082;4515,06975448563;4813,56187991997;689,533099159212;-308,636754519181;3889,56600878627;3540,02411848358;3485,50767863361
"200";200;201544;3240;65,79;NA;-1667,3108974359;4907,3108974359;4693,39634234488;4514,33724446689;4799,44808169465;695,279070034445;-336,738657655115;4100,41657668796;3765,27751182978;3595,45587117234
"201";201;201545;NA;54,6108386934673;NA;-1463,57371794872;NA;4829,39448441293;4517,88330459167;4872,9867668693;701,025040909679;-200,740515587075;4304,14065853663;3867,60399295586;4318,21639849526
"202";202;201546;NA;54,7750281332033;NA;-1418,61217948718;NA;4827,39706634738;4517,83120310901;4871,80135908539;706,771011784912;-202,737933652617;4353,5675961131;3912,77223715258;4367,15023464306
"203";203;201547;NA;54,9392175729393;NA;-1399,35256410256;NA;4825,39964828184;4517,77910222719;4870,61949927703;712,516982660145;-204,735351718161;4378,0175705518;3932,92606207357;4391,38626325593
"204";204;201548;NA;55,1034070126753;NA;-755,419871794872;NA;4823,4022302163;4517,72700194622;4869,4411662691;718,262953535379;-206,732769783704;5009,52081368044;4561,0435093915;5015,89081574244
"205";205;201549;NA;55,2675964524113;NA;611,923076923077;NA;4821,40481215075;4517,67490226608;4868,2663390755;724,008924410612;-208,730187849247;6344,02947993498;5893,22062602096;6335,54363507812
"206";206;201550;NA;55,4317858921473;NA;3083,75961538462;NA;4819,40739408521;4517,62280318677;4867,09499689686;729,754895285845;-210,72760591479;8751,87789568459;8300,34710182923;8716,53999751789
"207";207;201551;NA;55,5959753318833;NA;9836,78525641026;NA;4817,40997601967;4517,57070470828;4865,92711911838;735,500866161079;-212,725023980332;15320,1582791326;14874,1446430558;15211,4691641026
"208";208;201552;NA;55,7601647716193;NA;20630,8429487179;NA;4815,41255795413;4517,5186068306;4864,76268530763;741,246837036312;-214,722442045875;25815,4875562111;25380,8801879832;25589,5564720583
"209";209;201553;NA;55,9243542113553;NA;13950,7067307692;NA;4813,41513988858;4517,46650955374;4863,60167521241;746,992807911545;-216,719860111419;19329,5078529297;18880,8411165392;19176,1267899472
"210";210;201601;NA;56,0885436510913;NA;7270,57051282051;NA;4811,41772182304;4517,41441287767;4862,44406875863;752,738778786779;-218,717278176961;12843,5281496483;12380,8020450952;12762,6971078361
"211";211;201602;NA;56,2527330908272;NA;-1601,11538461538;NA;4809,4203037575;4517,3623168024;4861,28984604823;758,484749662012;-220,714696242505;4227,81459745173;3747,83531752952;4243,33659614411
"212";212;201603;NA;56,4169225305633;NA;-1084,54487179487;NA;4807,42288569195;4517,31022132791;4860,13898735715;764,230720537246;-222,712114308048;4735,54809569878;4251,99741146678;4745,4547191487
"213";213;201604;NA;56,5811119702992;NA;-1602,30128205128;NA;4805,42546762641;4517,2581264542;4858,99147313327;769,976691412479;-224,70953237359;4238,12935873086;3749,49991636917;4253,65471400801
"214";214;201605;NA;56,7453014100352;NA;-1694,02564102564;NA;4803,42804956087;4517,20603218126;4857,84728399444;775,722662287713;-226,706950439134;4154,72582243612;3661,63849047825;4171,24265913018
"215";215;201606;NA;56,9094908497712;NA;-1768,09615384615;NA;4801,43063149532;4517,15393850909;4856,70640072652;781,468633162946;-228,704368504676;4088,47818001379;3590,95868590804;4105,7947548824
"216";216;201607;NA;57,0736802895072;NA;-1150,24679487179;NA;4799,43321342978;4517,10184543768;4855,56880428141;787,214604038179;-230,70178657022;4694,63380797655;4193,6905060822;4705,23499040678
"217";217;201608;NA;57,2378697292432;NA;-1772,71153846154;NA;4797,43579536424;4517,04975296702;4854,43447577521;792,960574913413;-232,699204635763;4095,46018776287;3589,28553332917;4112,81736781272
"218";218;201609;NA;57,4020591689792;NA;-1190,67307692308;NA;4795,43837729869;4516,9976610971;4853,30339648624;798,706545788647;-234,696622701305;4666,81501648155;4157,16436602762;4677,84575602599
"219";219;201610;NA;57,5662486087152;NA;5464,03846153846;NA;4793,44095923315;4516,94556982793;4852,1755478533;804,45251666388;-236,694040766849;11139,5543889197;10635,2776203276;11078,3017279073
"220";220;201611;NA;57,7304380484512;NA;-2311,00641025641;NA;4791,44354116761;4516,89347915948;4851,05091147373;810,198487539114;-238,691458832392;3589,54951505126;3069,61773701049;3612,73897699485
"221";221;201612;NA;57,8946274881872;NA;-2433,60576923077;NA;4789,44612310207;4516,84138909176;4849,92946910171;815,944458414347;-240,688876897934;3476,14185281737;2951,70719017144;3500,65813798134
"222";222;201613;NA;58,0588169279232;NA;-2145,55448717949;NA;4787,44870503652;4516,78929962475;4848,8112026464;821,69042928958;-242,686294963478;3761,80183593827;3233,46274145737;3783,18475560803
"223";223;201614;NA;58,2230063676592;NA;-1733,13461538462;NA;4785,45128697098;4516,73721075845;4847,69609417025;827,436400164814;-244,683713029021;4168,32241272856;3636,26013226894;4185,22116569984
"224";224;201615;NA;58,3871958073952;NA;-1314,65705128205;NA;4783,45386890544;4516,68512249286;4846,58412588724;833,182371040047;-246,681131094563;4580,72981584762;4044,95317745527;4593,0786078706
"225";225;201616;NA;58,5513852471312;NA;-1410,82371794872;NA;4781,45645083989;4516,63303482796;4845,47528016118;838,928341915281;-248,678549160107;4493,00927357846;3952,76827168954;4506,39779613488
"226";226;201617;NA;58,7155746868672;NA;-1080,38461538462;NA;4779,45903277435;4516,58094776376;4844,36953950405;844,674312790514;-250,675967225649;4819,8614673861;4275,77780662948;4829,65623875838
"227";227;201618;NA;58,8797641266031;NA;-893,586538461538;NA;4777,46161470881;4516,52886130023;4843,26688657433;850,420283665748;-252,673385291193;5007,1242385747;4458,9885868293;5014,88538315449
"228";228;201619;NA;59,0439535663391;NA;-1283,41346153846;NA;4775,46419664326;4516,47677543738;4842,16730417536;856,166254540981;-254,670803356736;4634,02655244613;4080,99857782365;4646,01695176978
"229";229;201620;NA;59,2081430060751;NA;-556,663461538461;NA;4773,46677857772;4516,4246901752;4841,07077525376;861,912225416214;-256,668221422278;5346,01112124091;4789,71804280782;5350,1033285355
"230";230;201621;NA;59,3723324458111;NA;226,264423076923;NA;4771,46936051218;4516,37260551368;4839,97728289782;867,658196291448;-258,665639487822;6112,58899610842;5553,11268348164;6108,17284803328
"231";231;201622;NA;59,5365218855471;NA;330,39423076923;NA;4769,47194244664;4516,32052145282;4838,88681033594;873,404167166681;-260,663057553365;6219,5152762469;5655,8664978292;6213,96338401879
"232";232;201623;NA;59,7007113252831;NA;200,163461538461;NA;4767,47452438109;4516,2684379926;4837,79934093507;879,150138041914;-262,660475618907;6098,69145872793;5530,5286742355;6094,54927655028
"233";233;201624;NA;59,8649007650191;NA;371,759615384615;NA;4765,47710631555;4516,21635513303;4836,71485819925;884,896108917148;-264,657893684451;6271,18109908195;5698,94416940916;6265,1704023483
"234";234;201625;NA;60,0290902047551;NA;399,639423076923;NA;4763,47968825001;4516,16427287409;4835,63334576801;890,642079792381;-266,655311749993;6304,00812082818;5727,48760408724;6297,68985200684
"235";235;201626;NA;60,1932796444911;NA;45,7403846153843;NA;4761,48227018446;4516,11219121577;4834,55478741497;896,388050667614;-268,652729815537;5965,82492133047;5384,46444043279;5963,34568469031
"236";236;201627;NA;60,3574690842271;NA;-15,3397435897435;NA;4759,48485211892;4516,06011015808;4833,47916704636;902,134021542848;-270,65014788108;5912,20125092427;5326,42753913288;5910,38066034515
"237";237;201628;NA;60,5216585239631;NA;-340,480769230769;NA;4757,48743405338;4516,008029701;4832,40646869956;907,879992418081;-272,647565946622;5601,96490287357;5011,39313678925;5603,67099584782
"238";238;201629;NA;60,6858479636991;NA;390,423076923077;NA;4755,49001598783;4515,95594984453;4831,33667654167;913,625963293315;-274,644984012166;6317,9861525795;5724,15533620182;6311,74893746767
"239";239;201630;NA;60,8500374034351;NA;-375,634615384615;NA;4753,49259792229;4515,90387058866;4830,26977486816;919,371934168548;-276,642402077709;5579,26983059065;4979,9983996164;5581,34821531351
"240";240;201631;NA;61,0142268431711;NA;177,88141025641;NA;4751,49517985675;4515,85179193338;4829,20574810145;925,117905043782;-278,639820143251;6122,90673999732;5520,11774645194;6118,96847417733
"241";241;201632;NA;61,1784162829071;NA;-28,150641025641;NA;4749,49776179121;4515,79971387868;4828,14458078952;930,863875919015;-280,637238208795;5928,41972529563;5321,00625832763;5926,71446794325
"242";242;201633;NA;61,342605722643;NA;-622,782051282051;NA;4747,50034372566;4515,74763642456;4827,08625760462;936,609846794248;-282,634656274337;5356,29435896502;4743,69010175996;5361,04279380078
"243";243;201634;NA;61,506795162379;NA;-513,955128205128;NA;4745,50292566012;4515,69555957101;4826,03076334191;942,355817669482;-284,632074339881;5467,78526555049;4851,01538779334;5471,34693958083
"244";244;201635;NA;61,670984602115;NA;-880,384615384616;NA;4743,50550759458;4515,64348331803;4824,97808291815;948,101788544715;-286,629492405424;5117,42505677642;4495,79695388594;5124,96185961213
"245";245;201636;NA;61,835174041851;NA;-937,935897435897;NA;4741,50808952903;4515,59140766561;4823,92820137041;953,847759419948;-288,626910470966;5067,23069631095;4441,19450521386;5075,38781744628
"246";246;201637;NA;61,999363481587;NA;-1212,33653846154;NA;4739,51067146349;4515,53933261373;4822,88110385479;959,593730295182;-290,62432853651;4806,30352689026;4175,54322689494;4817,43622641017
"247";247;201638;NA;62,163552921323;NA;-1509,33653846154;NA;4737,51325339795;4515,4872581624;4821,83677564519;965,339701170416;-292,621746602053;4523,41444612346;3887,89710254619;4537,76818183511
"248";248;201639;NA;62,327742361059;NA;-1579,9358974359;NA;4735,51583533241;4515,43518431161;4820,795202132;971,085672045649;-294,619164667595;4460,5400486292;3820,59560151452;4475,65582136589
"249";249;201640;NA;62,491931800795;NA;-1236,60576923077;NA;4733,51841726686;4515,38311106135;4819,75636882095;976,831642920883;-296,616582733139;4799,9196580423;4156,15133851544;4811,30166664627
"250";250;201641;NA;62,656121240531;NA;-1495,36217948718;NA;4731,52099920132;4515,33103841161;4818,72026133186;982,577613796116;-298,614000798681;4554,19545121986;3905,72582157385;4568,38312194735
"251";251;201642;NA;62,820310680267;NA;-1578,91025641026;NA;4729,52358113578;4515,27896636238;4817,68686539744;988,323584671349;-300,611418864224;4478,7375731075;3825,82196939192;4493,82792042051
"252";252;201643;NA;62,984500120003;NA;-1878,38141025641;NA;4727,52616307023;4515,22689491367;4816,65616686213;994,069555546583;-302,608836929768;4193,44704096532;3535,77079238554;4211,78526434658
"253";253;201644;NA;63,148689559739;NA;-1667,3108974359;NA;4725,52874500469;4515,17482406546;4815,62815168093;999,815526421816;-304,60625499531;4404,29760886701;3742,6047422044;4420,33857590344
"254";254;201645;NA;63,312878999475;NA;-1463,57371794872;NA;4723,53132693915;4515,12275381774;4814,60280591826;1005,56149729705;-306,603673060854;4608,02169071567;3942,30151889658;4621,84505074252
"255";255;201646;NA;63,477068439211;NA;-1418,61217948718;NA;4721,5339088736;4515,07068417051;4813,58011574678;1011,30746817228;-308,601091126397;4657,44862829214;3987,46976309329;4670,77888689032
"256";256;201647;NA;63,641257878947;NA;-1399,35256410256;NA;4719,53649080806;4515,01861512377;4812,56006744636;1017,05343904752;-310,598509191939;4681,89860273085;4007,62358801428;4695,0149155032
"257";257;201648;NA;63,805447318683;NA;-755,419871794872;NA;4717,53907274252;4514,9665466775;4811,5426474029;1022,79940992275;-312,595927257483;5313,40184585949;4635,74103533222;5319,5194679897
"258";258;201649;NA;63,9696367584189;NA;611,923076923077;NA;4715,54165467697;4514,91447883169;4810,52784210725;1028,54538079798;-314,593345323025;6647,91051211403;5967,91815196168;6639,17228732539
"259";259;201650;NA;64,1338261981549;NA;3083,75961538462;NA;4713,54423661143;4514,86241158635;4809,51563815416;1034,29135167322;-316,590763388568;9055,75892786364;8375,04462776995;9020,16864976516
"260";260;201651;NA;64,2980156378909;NA;9836,78525641026;NA;4711,54681854589;4514,81034494146;4808,50602224122;1040,03732254845;-318,588181454112;15624,0393113116;14948,8421689965;15515,0978163499
"261";261;201652;NA;64,4622050776269;NA;20630,8429487179;NA;4709,54940048035;4514,75827889702;4807,49898116778;1045,78329342368;-320,585599519654;26119,3685883901;25455,577713924;25893,1851243055
